{
  "project_info": {
    "project_number": "300642216222",
    "firebase_url": "https://travelmantics-5695e.firebaseio.com",
    "project_id": "travelmantics-5695e",
    "storage_bucket": "travelmantics-5695e.appspot.com"
  },
  "client": [
    {
      "client_info": {
        "mobilesdk_app_id": "1:300642216222:android:1b9e22b47ff1915d",
        "android_client_info": {
          "package_name": "com.bondev.travelmantics"
        }
      },
      "oauth_client": [
        {
          "client_id": "300642216222-h7b3585f0kqpv95ig8itne5m3uc8jfnu.apps.googleusercontent.com",
          "client_type": 1,
          "android_info": {
            "package_name": "com.bondev.travelmantics",
            "certificate_hash": "48e37d25c8bea06385d9c37894fad0b6d0663f7c"
          }
        },
        {
          "client_id": "300642216222-r9aglbuskdq1ler1l7vl5vcvndsergeq.apps.googleusercontent.com",
          "client_type": 3
        }
      ],
      "api_key": [
        {
          "current_key": "AIzaSyD5MxXCBIf3QiAYRFQPsB4-fyuAdaw-1aY"
        }
      ],
      "services": {
        "appinvite_service": {
          "other_platform_oauth_client": [
            {
              "client_id": "300642216222-r9aglbuskdq1ler1l7vl5vcvndsergeq.apps.googleusercontent.com",
              "client_type": 3
            }
          ]
        }
      }
    }
  ],
  "configuration_version": "1"
}